timestamp,distance_to_obstacle_m
0.425451,0.6960
0.525568,0.6960
0.625386,0.2810
0.725410,1.1180
0.825389,0.3040
0.926003,0.3040
1.025461,0.3250
1.125404,nan
1.225587,1.1180
1.325492,1.1160
1.425657,0.3290
1.525680,0.3290
1.625607,0.5380
1.725460,0.4780
1.825523,1.1040
1.925426,0.7200
2.025278,0.2950
2.125325,0.2950
2.225406,1.1140
2.325372,1.1120
2.425475,1.1180
2.525402,1.1180
2.625382,1.1040
2.725320,0.5560
2.825485,0.4030
2.926134,0.4030
3.025926,0.3680
3.125468,0.3680
3.225375,0.3680
3.325331,0.3680
3.425700,0.8020
3.525409,0.8020
3.625542,0.2840
3.725413,1.1120
3.825436,1.1180
3.925586,0.2930
4.025460,0.2930
4.127013,1.1060
4.225496,1.3000
4.325362,0.9900
4.425385,0.7520
4.525608,1.1140
4.625560,1.1140
4.725518,1.1020
4.825378,0.5620
4.925415,0.9800
5.025605,0.3960
5.125479,0.3960
5.225399,1.1140
5.325525,0.3030
5.425410,0.3850
5.525682,0.3850
5.625482,0.2830
5.725381,1.1180
5.825421,0.4360
5.925438,1.1140
6.025562,1.1140
6.125332,0.3140
6.225485,1.3900
6.325384,0.2930
6.425388,0.2930
6.525418,0.3690
6.625373,1.3200
6.726015,1.1600
6.825356,0.3950
6.925339,nan
7.025606,1.0980
7.125373,1.0980
7.225363,0.5020
7.325431,1.1200
7.425330,1.1200
7.525354,1.1200
7.625382,0.4680
7.725347,1.1120
7.825356,0.6740
7.925368,0.3240
8.025359,0.3240
8.125924,0.4470
8.225359,0.2810
8.325360,1.1100
8.425143,0.2830
8.525382,0.2830
8.625344,1.1000
8.725349,0.9340
8.825363,1.1000
8.925387,1.1000
9.025391,1.1000
9.125475,1.1000
9.225375,1.1080
9.325341,1.1020
9.425354,0.7280
9.525358,0.7280
9.625366,0.6800
9.726461,0.6800
9.825373,1.1100
9.925363,nan
10.025347,1.1060
10.125425,1.1180
10.225351,1.1080
10.325342,1.1080
10.427069,1.1080
10.525362,1.1080
10.625187,0.5120
10.725670,0.5120
10.825320,0.7140
10.925337,0.7140
11.025330,1.1040
11.125347,0.5600
11.225347,1.1060
11.325347,0.2810
11.425357,0.2840
11.525376,0.2840
11.625340,1.1000
11.725374,0.4550
11.825394,0.4550
11.925390,0.4550
12.025386,0.2800
12.125554,0.7400
12.225402,0.7400
12.325555,0.5660
12.425735,0.5660
12.525498,0.3620
12.625548,0.8020
12.725915,0.7660
12.826010,0.7660
12.925593,0.7660
13.025384,0.5540
13.125380,0.4700
13.225422,1.1160
13.325358,0.6840
13.425351,0.6840
13.525400,0.4950
13.625375,1.1000
13.725406,1.0880
13.825292,0.9120
13.926053,0.9120
14.025314,1.1020
14.125481,0.6960
14.225308,0.3240
14.325330,0.3240
14.425617,1.1200
14.525338,1.4880
14.625475,0.3520
14.725377,0.6940
14.825393,1.1120
14.925264,0.4720
15.025284,0.4720
15.125278,0.9040
15.225272,1.4860
15.325320,0.4950
15.425277,0.4950
15.525303,1.1000
15.625263,0.4120
15.725390,0.9200
15.825369,0.9200
15.925316,0.3070
16.025875,0.5640
16.125618,1.1140
16.225346,0.3790
16.325308,1.1120
16.425367,1.1120
16.525399,0.7960
16.625361,1.1000
16.725369,0.6780
16.825339,0.4880
16.925206,0.9200
17.025332,0.9200
17.125911,1.1100
17.225640,0.4360
17.325688,0.3570
17.425367,0.3570
17.525641,1.1160
17.625487,0.9380
17.725491,1.1160
17.825317,1.1180
17.925541,1.1180
18.025366,1.1040
18.125479,1.1160
18.225465,0.3200
18.325993,1.1040
18.425313,0.6920
18.525487,0.6920
18.625410,0.6920
18.725436,0.6920
18.825353,1.4420
18.925390,1.4420
19.025364,0.7900
19.125380,1.1020
19.225358,0.6800
19.325382,0.3890
19.425379,0.3890
19.525393,1.0180
19.625378,0.3080
19.725341,0.2990
19.825402,1.1180
19.925409,1.1180
20.025360,0.5640
20.125304,0.3950
20.225398,0.3950
20.326569,0.4700
20.425346,0.4700
20.525339,1.1000
20.625427,1.1140
20.725353,1.1100
20.825365,1.1100
20.925398,1.1080
21.025370,1.1060
21.125405,1.1140
21.225399,0.3950
21.325460,1.0860
21.425437,1.0860
21.525417,1.0940
21.625636,0.3700
21.726323,0.5520
21.825847,1.1020
21.925404,1.1020
22.025735,1.1080
22.125534,1.1160
22.225373,1.1000
22.325840,0.2970
22.425772,0.2970
22.525453,0.3310
22.625508,0.2960
22.725462,1.1200
22.825398,0.7500
22.925411,0.7500
23.025369,0.4340
23.125607,1.1020
23.225409,1.1020
23.325283,1.1020
23.425926,1.1020
23.525354,0.8140
23.625340,1.1060
23.725356,0.4070
23.825450,1.1140
23.925413,1.1140
24.025487,0.3170
24.125475,0.3120
24.225423,0.6820
24.325480,0.6820
24.425390,0.5420
24.525378,0.5660
24.625411,0.9960
24.725367,0.4840
24.825756,0.4840
24.925447,0.4420
25.025464,0.5680
25.125389,0.3510
25.225367,1.0540
25.325361,1.0540
25.425388,1.1020
25.525496,0.7660
25.625355,0.5440
25.725462,1.1000
25.825467,0.3110
25.925398,0.3110
26.025385,0.2950
26.125383,0.6900
26.225372,1.1060
26.325450,0.6780
26.425478,0.6780
26.525413,1.1020
26.625381,0.8660
26.725469,0.3960
26.825382,1.1040
26.925791,1.1040
27.025722,1.1160
27.125258,0.3020
27.225377,nan
27.325908,nan
27.425497,0.3620
27.525355,1.1120
27.625345,1.1140
27.725339,0.5540
27.825524,0.5540
27.925766,1.1020
28.025520,0.8060
28.125423,0.4340
28.225212,0.6800
28.325274,1.1020
28.425274,1.1020
28.525254,1.1120
28.625259,1.1220
28.726975,0.6760
28.825258,0.6760
28.925280,1.1120
29.025409,0.4390
29.125262,1.1180
29.225366,1.1000
29.325352,1.1000
29.425546,0.6840
29.525353,1.1120
29.625360,1.1160
29.725368,0.4320
29.825358,0.4900
29.925383,0.4900
30.025370,0.4520
30.125355,0.4200
30.225337,0.2840
30.325389,0.2840
30.425362,1.1120
30.525372,1.1080
30.625380,0.7620
30.725347,0.2840
30.825668,0.2840
30.925401,0.2840
31.025346,0.4720
31.125364,1.0060
31.225351,1.1100
31.325313,nan
31.425380,nan
31.525373,0.2930
31.625424,1.1120
31.725397,1.1120
31.825385,1.1120
31.925378,0.4630
32.025364,0.3670
32.125394,0.3670
32.225470,0.3670
32.326133,0.7520
32.425673,0.7520
32.525404,0.7500
32.625324,0.4340
32.725342,0.5500
32.825365,0.5500
32.925552,0.4890
33.025377,0.9540
33.125393,1.1200
33.225653,0.4360
33.325341,0.4360
33.425313,0.6780
33.525477,1.1040
33.625514,0.9600
33.725668,0.4680
33.826452,1.1160
33.925354,1.1160
34.025307,0.7380
34.125321,1.1020
34.225219,0.9540
34.325283,0.9540
34.425384,0.8080
34.525585,0.2970
34.625367,0.3110
34.725454,0.3110
34.825653,0.3150
34.925464,0.9700
35.025617,0.3950
35.125468,0.3950
35.225354,1.3300
35.325333,1.3300
35.425342,1.1000
35.525607,1.1140
35.625307,0.8120
35.725332,0.8120
35.825342,0.3000
35.925572,1.8300
36.025356,0.3510
36.125319,1.1100
36.225601,1.1100
36.325394,0.4270
36.425479,1.1020
36.525452,0.6960
36.625452,0.2930
36.725653,1.1220
36.825433,1.1220
36.925452,1.1020
37.025333,0.7280
37.125355,0.5680
37.225350,1.1100
37.325647,1.1100
37.425685,0.4910
37.525359,1.1520
37.625342,0.4900
37.725819,0.4900
37.825762,0.4550
37.925718,0.5070
38.025628,0.3400
38.125525,0.4410
38.225391,nan
38.325402,nan
38.425369,0.7940
38.525270,0.7940
38.625356,0.3770
38.725371,0.3440
38.825402,0.3440
38.925448,0.9660
39.025509,0.4570
39.125356,0.5500
39.226490,0.6560
39.325482,0.6560
39.425322,1.4040
39.525381,1.2420
39.625371,1.0500
39.725203,0.5080
39.825377,0.5080
39.925448,0.4760
40.025362,0.4760
40.125331,1.3840
40.225341,1.3840
40.326170,1.7100
40.425521,0.6060
40.525387,1.7100
40.625447,0.6580
40.725479,1.7100
40.825581,1.7100
40.925809,1.7100
41.025396,1.7040
41.125377,1.7040
41.225376,1.2260
41.325357,1.1520
41.425501,0.8420
41.525353,1.7000
41.625345,1.7000
41.725289,1.0200
41.825349,1.0200
41.925393,0.8700
42.025440,0.8700
42.125402,1.3380
42.225467,1.3380
42.325426,1.6960
42.425366,1.1100
42.525352,1.0040
42.625393,1.7660
42.725615,1.7660
42.825473,1.0880
42.925429,1.5600
43.025846,1.7000
43.125397,1.1260
43.225342,1.0840
43.325423,1.0840
43.425404,1.7220
43.525377,1.0940
43.626561,1.5180
43.725214,1.1720
43.825389,1.1720
43.925423,1.4460
44.026141,1.7460
44.126053,1.7460
44.225348,1.3280
44.325336,1.4100
44.425344,1.7000
44.525342,1.7020
44.625355,1.0500
44.725371,1.0500
44.825360,1.1440
44.925396,1.8120
45.025402,1.7020
45.125373,1.7020
45.225377,1.7020
45.325352,1.4780
45.425298,1.7140
45.525286,1.1560
45.625309,1.0500
45.725291,1.0500
45.825439,1.7020
45.925323,1.7020
46.025376,1.5200
46.125483,1.1420
46.225446,1.1420
46.325391,1.7020
