timestamp,bearing_deg,distance_m,radial_velocity_ms
0.775296,-0.276529,0.380343,0.064769
0.875517,-0.468307,0.585606,-0.023414
0.975384,1.534869,0.596843,-0.046947
1.075248,-0.926835,0.389512,-0.046573
1.175261,-3.826560,0.329392,-0.172492
1.275227,-2.025662,0.168542,0.031425
1.375271,-2.824607,0.150000,0.146565
1.475273,0.135056,0.235845,-0.142475
1.575767,0.221845,0.173123,-0.115099
1.675082,-1.201277,0.366140,-0.029169
1.775062,3.704556,0.170659,-0.001350
1.874882,1.645090,0.150000,-0.122084
1.974859,-3.919340,0.332773,-0.132819
2.074977,1.476933,0.343372,0.017137
2.176414,-0.602207,0.280870,-0.147852
2.275232,-0.921278,0.160031,0.105712
2.375225,-3.526080,0.372724,0.032408
2.475566,-1.353844,0.253984,0.061168
2.577105,1.862560,0.510200,-0.083922
2.675011,0.662527,0.242158,0.097555
2.774924,-0.371318,0.189165,-0.110633
2.875008,1.625052,0.150000,0.135624
2.975007,2.007066,0.266598,0.036164
3.074975,0.722791,0.151976,0.153804
3.175025,3.129287,0.273835,-0.261975
3.275060,0.174094,0.445381,-0.029901
3.374990,-3.975138,0.299352,-0.021967
3.474972,2.955788,0.352423,-0.051827
3.574964,-1.003514,0.150000,0.091540
3.675002,-1.059520,0.346750,0.051327
3.785434,1.937290,0.300416,-0.070205
3.875034,-0.784216,0.215468,-0.146351
3.975034,0.522111,0.340224,0.000511
4.075699,-2.830741,0.234083,-0.042065
4.175163,-1.604555,0.212457,-0.016129
4.275004,3.772372,0.363810,0.017458
4.376490,-0.148892,0.334510,-0.191877
4.475021,0.120460,0.275697,0.246324
4.575035,0.603095,0.244528,-0.003471
4.675110,2.285646,0.150000,0.075193
4.775001,-1.818775,0.444206,0.140279
4.875022,1.173714,0.150000,0.219046
4.975018,-1.132595,0.150000,0.009965
5.075029,-3.101327,0.185305,0.006856
5.175029,0.947185,0.150000,-0.091942
5.274980,-1.566507,0.593987,-0.032206
5.375055,-2.461729,0.443703,0.022746
5.475005,-3.214966,0.542429,0.018463
5.575040,1.563646,0.332977,-0.123695
5.675016,1.043883,0.150000,0.029698
5.775302,0.692896,0.331099,-0.068002
5.875059,0.586145,0.327451,-0.071435
5.975051,0.947666,0.654155,-0.119130
6.075063,-1.949363,0.412311,0.078708
6.175058,-1.641365,0.512719,0.096338
6.275025,1.644120,0.363556,0.189679
6.375032,-1.507472,0.231922,-0.088951
6.475057,-0.154203,0.150000,0.034115
6.575023,1.654366,0.342338,0.001300
6.675032,-0.529314,0.577707,0.272017
6.774966,-1.714315,0.412133,-0.107089
6.875032,-0.446926,0.379494,0.071400
6.975024,-0.145658,0.377648,-0.084679
7.075062,-0.893030,0.150000,0.085640
7.175040,-2.491478,0.325819,0.017318
7.275038,-1.767715,0.364063,0.015373
7.375060,-2.285941,0.298642,0.035779
7.475013,2.166102,0.395157,0.105380
7.574956,-1.875650,0.150000,0.051504
7.674973,1.030095,0.386757,0.385273
7.776557,2.271131,0.401178,0.095400
7.874962,-0.630538,0.422278,0.075897
7.974978,-0.473637,0.150000,-0.048536
8.074959,4.629317,0.308375,-0.186727
8.174975,-3.225432,0.429252,-0.047193
8.274966,0.128560,0.520790,-0.107774
8.375036,1.359195,0.159939,-0.073037
8.475040,0.091144,0.346292,-0.065160
8.574934,1.267838,0.731789,-0.202514
8.675336,-1.323573,0.340291,0.085243
8.775021,-0.229473,0.150000,0.050499
8.877201,-2.400593,0.476151,-0.033450
8.975013,-1.306658,0.197011,0.176545
9.074980,-2.521768,0.364996,0.091786
9.175096,2.064931,0.716431,-0.151937
9.275069,2.533822,0.195153,-0.070767
9.375083,1.549268,0.379764,-0.092693
9.475016,-6.482535,0.279095,-0.102439
9.575012,-2.495566,0.240486,0.163241
9.674985,-0.880089,0.150000,0.013074
9.775023,-2.871724,0.573255,0.116316
9.875009,-1.963017,0.287047,0.046210
9.974979,-1.200434,0.324812,0.006980
10.075052,0.227035,0.207937,0.066213
10.175051,-2.475631,0.602203,0.213303
10.274995,-0.303570,0.150000,0.058832
10.374994,-1.245399,0.341198,-0.020812
10.475002,-1.178730,0.186400,0.084960
10.575007,-1.385819,0.356403,0.089960
10.675037,1.625724,0.359460,0.062963
10.775041,-1.120362,0.150000,0.074729
10.875054,-0.041803,0.517074,0.011733
10.975031,-1.183143,0.553533,0.054710
11.074985,-0.435362,0.308561,0.109878
11.174988,1.627019,0.514083,0.130548
11.275030,1.363906,0.353201,-0.031027
11.375031,-0.260286,0.413833,0.009700
11.475087,-1.636441,0.468031,0.209239
11.575017,-2.428377,0.150000,0.115811
11.675006,1.248240,0.456333,0.062835
11.775018,-1.794509,0.295551,0.007580
11.875242,1.950239,0.150000,-0.014706
11.974951,-0.642772,0.150000,0.041293
12.075001,-1.644441,0.170255,0.024369
12.175009,-1.013886,0.330993,-0.047104
12.275028,-2.896169,0.327410,-0.140746
12.375003,-0.426894,0.150000,0.031091
12.475022,1.715319,0.576071,-0.015994
12.574998,-2.005059,0.277197,-0.001851
12.675020,0.645437,0.223268,-0.082723
12.774978,3.065478,0.384869,-0.010876
12.875180,1.380288,0.361342,-0.040122
12.975020,0.025185,0.325818,0.009768
13.075017,0.049020,0.150000,0.049800
13.174962,1.918542,0.571229,0.215318
13.275005,1.744641,0.150000,0.018334
13.374991,-1.616597,0.718961,-0.083972
13.475036,-4.247791,0.161121,-0.052576
13.575022,0.300788,0.150000,0.034176
13.674978,1.900848,0.656234,-0.057690
13.775040,0.983838,0.150000,-0.132023
13.875030,2.358880,0.647292,-0.046918
13.975031,2.707745,0.150000,-0.011454
14.075078,-3.188855,0.528563,-0.059938
14.175034,0.093961,0.282049,-0.045007
14.275035,-2.135241,0.405570,-0.014238
14.375007,1.028878,0.305059,0.071161
14.475004,-3.068228,0.150000,0.127768
14.575003,-1.496973,0.347463,0.155115
14.675051,2.358594,0.304135,0.006752
14.775067,3.510682,0.693150,-0.024896
14.874970,1.290752,0.475314,0.136863
14.974966,1.372103,0.150000,0.105842
15.075058,-2.366517,0.150000,-0.203923
15.174997,1.435085,0.230119,0.150236
15.274961,3.257231,0.298819,-0.138010
15.374960,-0.111095,0.150000,0.038407
15.474978,-4.134884,0.277461,-0.008912
15.574979,1.339345,0.150000,0.036660
15.675035,-1.027734,0.150000,-0.105921
15.775019,1.910285,0.276464,-0.098573
15.874991,-1.060515,0.389809,-0.079287
15.974993,-2.070485,0.267594,-0.055365
16.075021,3.929450,0.150000,0.003526
16.175127,0.427960,0.150000,-0.011233
16.275029,1.228333,0.268806,0.075751
16.374978,-1.151636,0.206900,-0.027505
16.475008,-3.030382,0.150000,0.136687
16.575001,-0.498072,0.641994,0.057656
16.675019,6.157762,0.375250,0.111957
16.775057,-1.911081,0.287416,-0.160645
16.874985,-1.512701,0.353693,-0.142225
16.975019,-2.163096,0.183685,0.168714
17.074981,-0.015945,0.460328,0.147994
17.174978,-1.722568,0.299474,0.152312
17.274955,-2.074492,0.391782,-0.019034
17.374984,-2.765599,0.150000,0.092618
17.474968,-2.797135,0.663883,0.056297
17.574964,-0.974251,0.151871,-0.059239
17.674967,0.097043,0.150000,-0.083095
17.775018,-0.100476,0.336091,-0.023895
17.875023,-1.153543,0.150000,0.075539
17.974907,-1.955110,0.382183,0.009933
18.074982,-3.338811,0.432277,0.054336
18.174972,1.141197,0.150475,-0.076326
18.274936,-3.255085,0.150000,0.004808
18.374909,-1.808633,0.334945,0.063859
18.474981,-0.132160,0.150000,-0.121102
18.574919,0.094797,0.291633,-0.086041
18.674924,2.012586,0.345089,-0.057689
18.774990,-2.259414,0.589138,0.052980
18.874962,-4.943289,0.710314,-0.079690
18.974950,-0.406091,0.515414,0.037115
19.074979,0.173180,0.279203,-0.015568
19.174965,0.508842,0.519556,0.033760
19.274963,-0.975212,0.203625,-0.043256
19.374988,-0.841969,0.379890,0.028977
19.475049,1.742249,0.716080,-0.032602
19.574779,-0.816151,0.541243,-0.203812
19.674961,-3.741584,0.150000,-0.035151
19.774945,3.352875,0.304684,0.032693
19.874968,1.658811,0.257180,-0.221114
19.975176,1.541730,0.333123,-0.147859
20.074926,0.676993,0.520751,-0.041529
20.174982,4.541386,0.418556,0.018187
20.274955,-0.918722,0.341644,-0.084984
20.374918,-1.712168,0.458067,0.007157
20.474937,0.957960,0.196469,0.033366
20.575003,-1.020033,0.499508,-0.026987
20.674936,-0.888587,0.150000,0.037730
20.774954,-1.844331,0.443398,0.086961
20.874911,0.826870,0.563128,0.187680
20.974979,-2.489309,0.150000,-0.177872
21.074923,1.308731,0.591209,-0.005558
21.175148,-2.250978,0.347994,0.244575
21.274914,0.218790,0.367844,0.072577
21.374912,0.447768,0.438202,-0.079047
21.474906,3.764049,0.386294,0.134542
21.574919,-1.022431,0.601637,-0.098960
21.674911,0.111450,0.257843,0.109419
21.774940,3.059101,0.150000,-0.015801
21.875343,-2.024209,0.195624,-0.165486
21.975351,0.146636,0.445634,-0.128996
22.075339,-0.671569,0.150000,0.166902
22.175413,-3.006286,0.229082,-0.024574
22.275110,-5.393773,0.226455,-0.005429
22.375083,1.392413,0.234813,0.184896
22.475565,-0.537777,0.506313,-0.110653
22.575855,0.118437,0.795672,0.001393
22.675903,0.396170,0.276175,-0.014436
22.775755,-1.093718,0.166268,-0.003275
22.876032,-1.425692,0.172315,0.010643
22.975065,3.007986,0.230005,-0.265097
23.075115,2.492170,0.499301,-0.207339
23.175070,-0.742882,0.212462,-0.140751
23.274958,-2.221152,0.150000,0.175227
23.374994,2.543110,0.468136,0.072167
23.474969,-1.049041,0.150000,0.048937
23.574974,1.425997,0.150000,-0.024033
23.674961,1.421920,0.206036,0.044426
23.775088,2.318660,0.208807,-0.108106
23.875024,1.186203,0.404187,-0.030955
23.974981,-2.502227,0.346227,0.092403
24.075199,-1.045446,0.246020,0.104901
24.175058,-2.816923,0.150000,-0.155663
24.275070,-2.560859,0.404202,0.175479
24.375051,3.392913,0.150000,0.021102
24.475041,-1.089838,0.261657,0.039914
24.574996,2.206604,0.274473,0.011423
24.675006,-0.727224,0.312060,-0.005695
24.774988,-3.420337,0.343560,-0.134819
24.875066,0.341731,0.430653,-0.018398
24.975036,0.695163,0.288687,-0.053976
25.075015,0.391691,0.150000,-0.097837
25.175077,-3.405167,0.363651,0.102916
25.275016,0.512059,0.376519,0.098269
25.375122,2.028740,0.615095,-0.184087
25.475017,-1.249637,0.150000,0.002609
25.575013,-1.451488,0.394532,0.018677
25.675045,-1.223036,0.150000,-0.140666
25.775015,-2.703369,0.150000,-0.097587
25.875048,-1.898798,0.503728,0.263238
25.975057,0.369672,0.391664,-0.085836
26.075243,-1.151276,0.433062,0.012201
26.174999,-0.192120,0.805017,0.114927
26.274963,-0.069977,0.150365,0.177080
26.374958,3.624897,0.167607,0.070775
26.474979,1.264815,0.180507,0.097255
26.574976,-3.140449,0.412362,-0.072714
26.674976,-0.148867,0.238496,0.062067
26.774967,-2.670689,0.323540,0.038020
26.874966,1.119581,0.410117,0.108078
26.974899,0.918360,0.710784,-0.007017
27.074943,0.859236,0.211808,0.020769
27.174886,-2.553497,0.598316,-0.108106
27.274949,-0.079110,0.754631,0.068150
27.375015,0.059512,0.623664,0.093828
27.474981,0.192242,0.514791,-0.046228
27.574945,-0.618344,0.531101,0.022213
27.674952,2.511512,1.426250,-0.089461
27.774945,-0.879462,0.580626,0.144698
27.874958,2.063689,0.657311,-0.148556
27.975030,1.779262,0.671410,0.008228
28.074956,-1.034577,0.831096,0.140935
28.174984,-0.725677,0.889780,-0.044550
28.274968,3.159144,0.587677,-0.052286
28.375110,-0.563569,0.212963,-0.134445
28.475013,-2.008282,0.150000,-0.076780
28.575062,0.468429,0.274063,0.155050
28.675041,1.968645,0.150000,-0.021399
28.775528,1.349639,0.271107,-0.112272
28.875032,0.332904,0.357482,0.049245
28.974993,4.910600,0.338834,-0.063774
29.075022,-1.246281,0.174801,-0.055548
29.175075,2.378033,0.153523,0.142050
29.275047,-1.664711,0.167851,0.047142
29.375063,1.265864,0.171555,0.020292
29.475124,3.095010,0.150000,0.179588
29.575082,-0.775403,0.240442,0.028587
29.675031,1.317089,0.429891,0.201020
29.774995,-1.596594,0.327611,-0.137932
29.874894,-0.066254,0.216814,0.179456
29.974980,0.447576,0.191478,-0.001642
30.075047,5.053865,0.520679,-0.053087
30.175074,2.088322,0.185112,0.068189
30.274891,1.167856,0.652341,-0.035929
30.375015,2.217407,0.401131,0.082048
30.474962,2.133349,0.384455,0.116930
30.575028,1.297420,0.559432,-0.016712
30.675025,2.413018,0.310343,-0.081694
30.775034,-0.786678,0.354735,0.002874
30.874978,0.382198,0.536690,0.004644
30.974910,1.492507,0.150000,0.064548
31.074965,-0.615556,0.713651,0.021915
31.174961,3.154907,0.330877,-0.009530
31.275154,1.215793,0.336804,0.018661
31.375093,0.388180,0.191713,0.107363
31.475006,0.265939,0.150000,-0.070012
31.575085,-3.046374,0.523009,-0.055892
31.675007,3.131048,0.361442,-0.006575
31.775054,3.762314,0.174960,-0.144801
31.874997,0.880029,0.150000,-0.050205
31.974913,1.416713,0.150000,0.024380
32.074984,-2.560609,0.173184,0.087246
32.175062,-0.198352,0.416040,0.184664
32.275068,-3.051050,0.220983,-0.069191
32.374991,0.486679,0.425883,-0.024124
32.476243,-2.503079,0.374411,0.144376
32.575028,2.234592,0.287570,0.034273
32.675009,1.139535,0.395351,0.044771
32.775127,2.658305,0.563545,0.019652
32.875053,-0.179471,0.576801,0.144012
32.975020,3.601881,0.178722,-0.004016
33.075019,0.256209,0.150000,-0.068105
33.175041,-1.305248,0.482129,-0.044618
33.275042,-0.904613,0.150000,-0.242388
33.375087,1.520829,0.150000,0.078580
33.474966,-1.933952,0.366092,-0.004771
33.574965,-2.316729,0.280279,0.150340
33.674972,-0.441928,0.456472,0.002689
33.774999,-4.083470,0.322677,-0.024718
33.874986,-2.003240,0.150000,-0.028110
33.974887,1.281686,0.640537,-0.057118
34.074988,2.798711,0.395517,0.092463
34.175030,-1.293874,0.292926,0.069822
34.274979,1.790386,0.359697,0.063517
34.375008,-1.070470,0.490911,0.131739
34.475003,4.150522,0.320520,-0.068919
34.575006,0.395822,0.628193,-0.065142
34.674978,-0.640695,0.185223,0.042417
34.774999,-1.147400,0.386567,-0.002435
34.874959,3.455086,0.710454,0.043632
34.974977,0.240063,0.289601,0.061352
35.074975,-0.514753,0.150000,-0.166858
35.175035,1.294392,0.360845,-0.048319
35.275001,-2.451531,0.596797,-0.146437
35.375068,2.094197,0.326890,0.168393
35.474977,2.157362,0.189223,-0.003851
35.574995,1.767320,0.246475,0.065232
35.675001,2.953081,0.150000,0.138009
35.775002,0.791607,0.155887,0.049403
35.875002,-1.100610,0.333135,-0.067162
35.975079,2.345458,0.275889,0.054360
36.074986,1.543397,0.206877,-0.284854
36.174986,-3.479428,0.510753,-0.036244
36.274994,-2.589363,0.150000,0.116083
36.375010,0.693008,0.187460,-0.004692
36.474994,0.153644,0.376408,-0.128299
36.575001,-0.987513,0.486253,-0.155658
36.674987,3.001520,0.201377,0.085022
36.775086,-0.698515,0.217270,-0.032164
36.875039,0.763871,0.702350,0.043004
36.974999,0.477578,0.493057,-0.025904
37.075018,-0.143203,0.284730,-0.003722
37.175050,0.103892,0.469526,0.073264
37.274987,0.157270,0.270857,-0.199820
37.375021,0.692977,0.470266,0.099801
37.475028,4.176749,0.150000,-0.013959
37.575119,-2.079812,0.503637,0.061277
37.675921,-1.247538,0.150000,0.191403
37.775013,0.434866,0.243864,0.087007
37.875004,0.300838,0.381136,0.036496
37.974999,-0.115238,0.762683,0.020110
38.075259,2.211052,0.492131,0.118703
38.175135,-2.286010,0.408746,0.163343
38.274939,0.605271,0.150000,-0.075428
38.374957,0.657525,0.269172,0.032136
38.474933,3.227423,0.368384,0.045353
38.574950,1.928174,0.235169,0.118947
38.674947,1.194800,0.150000,0.070117
38.775018,2.751414,0.224487,-0.015006
38.875079,-0.346144,0.309115,0.001558
38.975112,-2.880102,0.150000,0.159451
39.075012,-1.982785,0.150000,-0.215339
39.174973,-2.646180,0.156208,0.164202
39.275048,-1.376301,0.485963,0.225244
39.375025,-0.649663,0.480353,-0.249941
39.474998,-2.779145,1.036189,-0.164540
39.574960,4.879505,0.782514,0.138427
39.675132,1.189509,0.690782,0.085342
39.775120,0.562383,0.729786,0.010420
39.875014,-1.507929,0.565481,-0.028068
39.974909,-0.196679,0.239409,-0.098859
40.074914,0.359788,0.150000,0.139200
40.174957,-3.141001,0.486663,-0.098963
40.274950,-1.964975,0.491154,-0.022463
40.375008,-1.936689,0.410010,0.010538
40.474981,-1.202735,0.150000,0.031978
40.575060,0.880949,0.150000,-0.001964
40.675040,0.447828,0.410498,0.136414
40.774902,-0.858811,0.323045,0.012230
40.875080,0.097720,0.406660,0.004059
40.975069,-1.325802,0.157602,-0.140261
41.076927,-2.487726,0.647915,-0.069291
41.174909,1.789849,0.156319,-0.029495
41.275053,-1.346981,0.549548,0.027899
41.374988,4.290298,0.150000,-0.118760
41.474912,1.267554,0.359964,0.041380
41.574996,-0.259641,0.266942,0.004381
41.675336,1.927758,0.268600,0.221052
41.775005,-2.739606,0.186502,-0.008828
41.875093,-1.607349,0.809942,0.163912
41.974921,-1.107176,0.629540,0.056898
42.074912,-0.758255,0.618679,-0.020358
42.174907,-2.029513,0.177664,-0.064928
42.274961,0.068167,0.150000,-0.076997
42.374935,-3.111791,0.340757,0.033088
42.474985,-3.987471,0.526706,0.037406
42.575002,-2.419282,0.628534,0.167257
42.675349,-1.410024,0.376804,-0.005577
42.775650,0.152011,0.404665,0.053876
42.875342,0.338722,0.150000,-0.141371
42.974961,-1.807815,0.270755,-0.073553
43.075160,2.182620,0.534219,0.060914
43.175234,-0.632817,0.150000,0.121310
43.275698,4.638659,0.315343,0.039332
43.375978,-0.618233,0.325410,0.013354
43.475607,1.416217,0.253506,0.095670
43.575984,-2.662466,0.150000,-0.183621
43.676015,-2.206733,0.385598,-0.215289
43.775935,4.985999,0.361716,-0.000607
43.874944,0.163659,0.451698,-0.009889
43.974953,-0.580549,0.467815,0.026739
44.075219,-1.336181,0.350340,0.099204
44.175095,-1.511490,0.292008,0.053651
44.275051,0.056362,0.150000,-0.000912
44.375108,0.949396,0.544179,-0.002503
44.475198,2.780415,0.456553,0.055781
44.575036,-2.623672,0.295071,-0.106511
44.675118,-1.219024,0.224955,-0.018697
44.775007,1.059386,0.304330,-0.007050
44.875099,0.128949,0.383300,-0.197547
44.975085,-0.288175,0.150000,-0.120969
45.075088,3.061502,0.405986,0.121876
45.175037,2.981452,0.241311,0.014867
45.274968,-1.226805,0.216583,-0.030247
45.374965,0.340832,0.205365,0.016057
45.474959,0.873876,0.283609,0.119065
45.575013,-2.969796,0.471911,-0.255392
45.675020,-2.733757,0.468864,-0.022477
45.775015,-3.603961,0.150000,0.054146
45.875040,-1.153021,0.433831,-0.259104
45.975083,0.783608,0.173751,-0.147891
46.075063,-0.030620,0.320672,0.057929
46.175067,-1.946138,0.307916,0.119657
46.274911,-0.054609,0.252294,-0.093327
46.375036,-1.769605,0.195344,-0.017295
46.474985,-2.743802,0.626342,-0.161356
46.575073,-0.418647,0.578234,-0.066907
46.675075,-1.211231,0.491981,0.182601
46.775015,-0.975823,0.419585,0.215731
46.875030,1.484191,0.162857,0.029929
46.975036,3.123022,0.547348,0.003200
47.075011,0.919944,0.150000,-0.067772
47.175066,0.273071,0.684677,-0.036532
47.276128,-2.694253,0.318936,-0.097161
47.375029,-1.313789,0.522083,-0.104691
47.475037,2.371408,0.389331,0.071895
47.575005,-1.513590,0.569210,-0.142181
47.675050,-0.645360,0.582267,-0.025083
47.775051,1.112460,0.547639,0.045589
47.875140,-1.287036,0.715000,0.092784
47.975047,0.537185,0.293403,0.152847
48.074983,1.076592,0.383567,0.107251
48.175024,-1.678419,0.216009,-0.104481
48.274970,4.112414,0.150000,-0.110321
48.374998,-0.553627,0.241749,0.030741
48.475013,1.720947,0.449147,-0.058308
48.575032,0.565160,0.252576,-0.024869
48.676172,0.981950,0.607469,0.073488
48.775091,2.346948,0.418576,0.018102
48.875109,0.799376,0.150000,-0.065136
48.975014,1.172728,0.183277,0.123828
49.075035,0.617666,0.293254,0.170221
49.175032,5.203366,0.334151,0.056551
49.275004,1.506683,0.150000,0.038116
49.375002,1.346363,0.543951,-0.013846
49.475034,-0.418047,0.150000,-0.085052
49.575019,1.177157,0.169895,0.166990
49.674982,-2.391766,0.364934,0.044460
49.775046,-1.219566,0.521326,-0.013402
49.875146,-1.569797,0.284938,0.064828
49.975033,0.839065,0.257810,-0.088749
50.075035,1.444763,0.197508,-0.037283
50.175043,-0.799272,0.631393,0.022468
50.275033,-2.836731,0.475518,-0.176081
50.375026,2.525168,0.150000,-0.055186
50.475023,-1.128495,0.800640,0.018455
50.575050,4.012186,0.597422,0.206150
50.675004,2.048125,0.526673,0.059253
50.775040,-1.102371,0.444672,-0.081820
50.875021,-0.340369,0.295325,-0.045323
50.975126,1.910610,0.428277,0.008841
51.075005,-2.283378,0.580506,-0.019366
51.174961,-3.733073,0.150000,-0.008268
51.274992,3.026899,0.257650,0.063081
51.374986,3.708185,0.150000,0.122103
51.474967,-0.452968,0.398420,-0.095944
51.575047,2.177497,0.207559,0.188459
51.675032,-0.977699,0.590649,-0.111962
51.775119,-3.536879,0.310177,0.032317
51.875556,-0.932073,0.252479,-0.159470
51.974928,-1.065402,0.384720,-0.116992
52.075027,-0.055030,0.150000,0.177225
52.175041,-0.914193,1.452252,-0.060221
52.275031,-1.996771,1.213755,0.030179
52.375031,2.453866,1.273216,-0.010015
52.475049,-1.755965,0.241265,-0.082688
52.574982,0.734731,0.236704,0.091358
52.675178,2.985377,0.150000,-0.027112
52.775049,-1.494423,0.277727,-0.242424
52.875006,1.473688,0.742809,-0.028133
52.975031,1.031878,0.295398,-0.156255
53.075041,1.588529,0.176189,-0.125429
53.174923,-2.713164,0.340712,0.046643
53.275041,-3.230264,0.274872,0.116474
53.375020,-1.620505,0.150000,0.020057
53.475011,-2.031644,0.511727,0.006168
53.575017,1.386211,0.367763,0.017644
53.674989,-1.655180,0.208594,0.008614
53.774966,-5.842701,0.150000,0.043656
53.875101,-4.725865,0.462787,-0.100973
53.975160,4.114991,0.405831,0.002079
54.075137,-0.365793,0.150000,0.137488
54.174922,-1.598384,0.152807,-0.048274
54.275012,0.245341,0.150000,0.162468
54.374976,-0.504707,0.346616,-0.029181
54.474959,1.766220,0.150000,-0.007784
54.574969,6.386215,0.250904,0.029875
54.675077,-0.852715,0.150000,0.114845
54.775019,-2.876556,0.309654,0.091923
54.874955,3.746596,0.153371,0.108005
54.974961,2.562033,0.197536,0.006786
55.075206,0.969466,0.457555,-0.084636
55.175008,2.059922,0.158290,-0.033478
55.274969,-1.910245,0.206270,0.042360
55.374999,-2.135066,0.754505,0.002422
55.474983,-0.159283,0.842444,0.045237
55.574999,0.856614,0.150000,-0.018714
55.675013,2.374772,0.516146,0.258956
55.774977,0.651593,0.434927,0.019438
55.875033,0.676968,0.248367,-0.029540
55.975156,2.635195,0.352692,-0.100654
56.075154,2.634230,0.546976,-0.011807
56.175026,-1.215644,0.150000,0.129699
56.275181,-1.998604,0.314426,-0.050477
56.375026,1.093467,0.487124,-0.023893
56.475132,-0.783516,0.229635,-0.092241
56.575201,-0.644641,0.626075,0.121716
56.674973,1.996622,0.607263,-0.043162
56.774951,-0.048391,0.369746,-0.090370
56.875032,-2.358080,0.353872,0.118768
56.974906,0.402319,0.210077,0.028329
57.075000,1.173388,0.276219,-0.047490
57.175217,-2.691959,0.502259,0.012638
57.275069,-2.000663,0.744786,-0.067774
57.374975,0.359164,0.459782,0.035063
57.474962,1.269443,0.454837,0.110970
57.575054,-0.482515,0.438964,0.067257
57.675025,-0.265267,0.675976,-0.097453
57.774989,-0.240762,0.510416,-0.217267
57.875028,-1.070656,0.458484,-0.009053
57.975029,0.380999,0.355396,0.070945
58.075029,1.026212,0.201903,-0.025955
58.175187,1.230735,0.436762,-0.093544
58.275172,-1.071927,0.501196,0.080806
58.374999,3.676367,0.357457,-0.022347
58.474942,-0.038839,0.214137,-0.030318
58.575051,-3.232621,0.447988,-0.105368
58.675032,1.900615,0.150000,0.171061
58.775063,-0.337643,0.268110,0.007005
58.874957,-1.854706,0.520376,0.023837
58.974920,1.002188,0.483040,0.018958
59.075002,-5.406465,0.487209,0.067788
59.175025,-3.661266,0.151185,0.051120
59.274975,-0.274897,0.556732,0.095287
59.374893,2.629829,0.606456,0.163996
59.474996,0.150867,0.430425,-0.160197
59.574911,-1.686493,0.232788,0.217094
59.674928,0.246410,0.246823,0.055149
59.774910,3.390102,0.290720,-0.062265
59.874972,-1.484941,0.320921,-0.132002
59.974964,-0.074074,0.159646,-0.042930
60.075149,-2.812635,0.150000,-0.008311
60.174996,1.520112,0.150000,0.008244
60.275152,-0.618418,0.150000,-0.075216
60.375174,2.680901,0.347835,-0.187517
60.475128,-0.320266,0.311005,0.067134
60.575027,-1.503939,0.344639,-0.031905
60.675002,2.152014,0.150000,0.002131
60.774972,-0.121322,0.682238,-0.070841
60.875150,-3.606279,0.150000,-0.158414
60.975065,1.017450,0.355425,-0.158119
61.075167,-0.966122,0.462008,0.014679
61.174959,1.793679,0.604444,-0.026853
61.274968,-4.303631,0.150000,-0.071915
61.374912,-1.974359,0.239774,-0.013126
61.474905,-0.449712,0.297370,-0.065000
61.574888,0.883881,0.315731,-0.109040
61.674948,-0.197176,0.564186,0.001885
61.774944,0.466432,0.423643,0.095314
61.874900,-1.224875,0.339425,0.036150
61.974969,0.217119,0.150000,-0.003323
62.075010,-0.257075,0.241377,-0.188185
62.174955,0.185690,0.175255,0.015986
62.274937,2.531416,0.150000,-0.086617
62.374975,0.854389,0.481891,-0.064623
62.474988,-2.387274,0.643062,0.091915
62.574918,-1.341240,0.488116,0.139247
62.675389,0.577387,0.237991,0.026032
62.774959,1.621617,0.366138,0.079349
62.874895,2.608680,0.150000,-0.166249
62.974963,2.253410,0.599509,-0.109097
63.075137,-2.211409,0.310837,-0.021492
63.175015,1.559321,0.226393,0.131031
63.274981,-1.124336,0.567137,-0.020922
63.374893,-1.611740,0.150000,0.096485
63.475015,-2.468698,0.607117,-0.059246
63.575557,0.560322,0.278719,-0.080960
63.674994,-0.947679,0.368812,-0.001445
63.774845,0.012845,0.392257,-0.043639
63.875323,-0.176726,0.261078,-0.037001
63.975321,3.197294,0.231241,0.056092
64.075170,1.393909,0.224904,-0.033382
64.175370,0.739284,0.518625,-0.010730
64.275367,-3.141752,0.384543,-0.112677
64.375403,0.285886,0.150000,0.173251
64.475511,1.276102,0.818260,0.050084
64.575740,-1.085348,0.150000,-0.078778
64.676154,-0.336288,0.247830,-0.047209
64.775203,1.495821,0.150000,-0.107274
64.875028,4.148165,0.419849,-0.091938
64.975377,-0.572008,0.150000,0.110096
65.075147,-2.459099,0.753669,0.049670
65.175350,-0.211897,0.278938,0.264434
65.275402,0.507479,0.150000,0.046769
65.375243,0.195966,0.579157,0.030805
65.475335,0.538254,0.226670,-0.034319
65.575013,-0.739221,0.374314,0.037710
65.675035,2.252101,0.190147,-0.005139
65.775087,2.523843,0.150000,-0.090573
65.874902,-1.191323,0.150000,0.137444
65.975006,6.275497,0.150000,0.105606
66.074976,-0.109788,0.273648,0.028555
66.174986,1.290431,0.311224,0.055560
66.274987,-0.394677,0.224916,-0.015127
66.374975,2.267540,0.168018,0.059356
66.474974,1.311802,0.150000,0.019474
66.575119,-0.777037,0.203258,0.112411
66.675023,-1.545755,0.418505,0.040705
66.775045,-2.759236,0.150000,-0.062672
66.875045,1.906250,0.401479,0.051309
66.976376,1.032357,0.400019,-0.064148
67.075070,1.600819,0.341385,0.075429
67.175087,1.416608,0.492783,0.035145
67.275031,-0.053043,0.476030,-0.088187
67.374961,-1.489805,0.229387,-0.067518
67.475015,-1.584840,0.234096,-0.030796
67.574973,0.426587,0.150000,0.000121
67.675050,1.318491,0.150000,0.093757
67.775032,-1.525450,0.150000,-0.076914
67.875018,1.658950,0.150000,-0.019383
67.975049,-4.007725,0.247097,0.063542
68.075055,0.119865,0.150000,0.027738
68.175031,-2.617641,0.632132,-0.301951
68.275055,3.601022,0.396770,0.123895
68.375014,-0.983272,0.338932,0.080712
68.475040,0.952716,0.165291,0.050547
68.575020,5.519320,0.585042,0.039242
68.675025,-0.051149,0.258207,-0.176908
68.775033,-0.818565,0.221057,-0.052409
68.875025,-1.644840,0.327471,0.112103
68.975019,-0.018601,0.297041,-0.032789
69.075023,1.650197,0.325038,-0.086713
69.175041,-0.607452,0.162377,-0.134587
69.275033,-0.952442,0.150000,0.087439
69.374975,0.387180,0.344512,0.085090
69.475035,0.780930,0.260526,-0.010322
69.575114,-1.165517,0.338072,-0.243882
69.675065,2.845496,0.258144,0.092622
69.775022,2.472261,0.443079,0.008866
69.875020,-1.235304,0.287463,-0.031607
69.974998,2.407769,0.371154,-0.013945
70.074964,0.001056,0.157962,0.060121
70.174987,-4.592362,0.150000,-0.055054
70.275016,-1.016280,0.150000,-0.014778
70.375025,2.904935,0.159350,0.032674
70.475028,1.244414,0.314095,-0.113883
70.575021,-0.151529,0.467822,0.067048
70.675050,-3.107518,0.150000,0.081789
70.775067,-1.804103,0.347282,-0.086966
70.874988,-2.378824,0.497087,0.164267
70.974976,1.276784,0.150000,-0.032862
71.075044,-1.088228,0.392637,-0.016279
71.175042,-2.004375,0.328184,0.074082
71.275021,-0.457200,0.217357,-0.099435
71.375000,-0.382056,0.150000,0.241262
71.474983,-0.038521,0.950921,-0.026289
71.574991,1.094238,1.206493,-0.118081
71.675010,1.430763,1.424864,0.071819
71.774993,0.039233,1.289695,0.067286
71.874993,-0.708081,1.320363,-0.057360
71.974982,3.098040,1.222371,-0.123911
72.075162,0.329522,0.908495,0.005089
72.175180,0.487906,1.236668,-0.022320
72.275011,-3.201808,1.499973,-0.082850
72.375019,-3.286378,1.181349,-0.017585
72.475256,0.041773,1.534294,0.023070
72.575225,-1.232723,0.963967,-0.037520
72.675048,2.563288,1.138457,0.055769
72.775257,0.493010,0.979708,0.049822
72.875224,3.161081,0.633030,-0.101509
72.975028,-2.515156,0.242828,-0.023402
73.075019,1.974669,0.285272,-0.007595
73.175027,0.303516,0.150000,-0.083514
73.275063,-3.215322,0.609908,0.018474
73.375004,0.013600,1.632721,-0.019004
73.475109,-0.360783,1.156511,0.137285
73.575129,3.066867,0.769628,-0.142396
73.675086,-0.858489,0.150000,0.058855
73.775047,0.924345,0.150000,0.202431
73.875217,0.379412,0.150000,-0.066198
73.974990,0.038296,0.303177,-0.064149
74.075132,3.608696,0.315574,-0.019090
74.175784,-2.586546,0.361952,-0.095644
74.274952,2.968232,0.312481,0.035561
74.374963,-0.001417,0.155388,-0.125041
74.474959,1.764666,0.338903,-0.045209
74.575002,0.531756,0.150000,-0.043672
74.674959,4.199444,0.368773,-0.024703
74.774967,-1.295084,0.310332,0.074419
74.874962,-1.298746,0.345755,0.132130
74.974937,-1.200847,0.665921,-0.186654
75.074960,-1.369260,0.583503,0.079063
75.175178,1.785195,0.150000,-0.121117
75.275150,0.028546,0.589153,-0.095394
75.375019,1.372637,0.361593,0.010589
75.475176,3.952881,0.660883,-0.156424
75.575170,0.208712,0.867443,-0.089878
75.675025,-0.378241,0.277937,0.092165
75.774913,3.022310,0.518490,-0.145118
75.875014,-2.504787,0.583582,0.036363
75.975158,-0.841524,0.979377,-0.260421
76.075024,0.873477,1.015790,0.040429
76.175069,-2.142107,1.223156,0.068022
76.275040,-3.557175,1.214502,0.031965
76.374956,-0.163045,0.877164,0.034768
76.474957,-1.351416,0.918554,0.003415
76.574974,-2.171650,0.798551,0.067937
76.674971,1.332625,0.842241,0.046259
76.774964,-1.355129,0.726839,0.119411
76.874958,-0.928809,0.875767,0.046206
76.974967,-0.503078,1.228678,-0.059751
77.074951,3.477799,1.356474,0.097886
77.174984,-1.616531,1.089064,-0.083044
77.274990,0.836796,1.126503,0.140160
77.374969,-3.006161,1.152090,0.105195
77.474981,-0.767943,0.822388,0.025020
77.574966,6.219837,1.421133,0.060672
77.674994,1.069011,0.985361,0.088766
77.774963,3.590423,0.957866,0.023007
77.875176,1.331849,1.121549,0.042159
77.975052,-1.234506,1.189788,-0.055830
78.075202,0.879002,0.801969,0.077894
78.175044,3.348985,1.113555,-0.000560
78.276249,-2.183402,1.155748,-0.038710
78.375170,1.698204,1.343108,-0.029397
78.475050,-3.035747,1.189680,-0.035703
78.574979,1.150410,1.382077,0.050067
78.674976,0.014126,1.031955,-0.066032
78.774974,0.841946,1.161766,0.049202
78.874990,-4.306686,0.916793,0.109715
78.975037,-1.725552,1.108233,0.069348
79.074992,2.119873,1.125597,0.061701
79.175069,-2.731911,1.148714,0.121194
79.275138,-0.738554,1.062250,0.014339
79.374967,0.817306,0.654753,-0.102937
79.475001,-3.044718,0.739466,0.111269
79.575231,3.067455,0.884147,-0.053580
79.675140,-2.233049,0.668528,0.123581
79.774956,-1.096575,1.170820,0.016002
79.874945,2.234798,1.302357,0.144850
79.974962,-2.652095,1.130046,-0.041347
80.074956,-1.927518,1.254056,-0.095715
80.174995,-0.097305,1.280758,0.003280
80.275011,-0.460801,1.064301,-0.092423
80.375015,2.070499,1.420040,-0.184619
80.475062,-2.993059,1.056098,-0.065002
80.574980,-2.899290,1.225312,-0.092186
80.674978,0.414535,1.015209,0.006934
80.775009,0.353642,1.071652,-0.054668
80.874903,3.346904,1.187669,0.134046
80.974889,1.659465,0.982084,0.081140
81.075013,1.637555,0.978347,0.153793
81.175153,-1.835006,0.979491,0.101766
81.275003,1.102953,1.258299,0.034059
81.374994,-2.652944,1.280139,0.104732
81.474975,-0.458781,1.435918,-0.004348
81.574926,1.028510,0.897778,0.057206
81.674906,2.248707,1.191562,-0.033408
81.775038,-2.039329,1.316921,-0.002355
81.875007,0.450616,1.169129,-0.036953
81.974902,1.652094,1.177705,-0.043676
82.074963,3.499168,0.886685,0.138145
82.174828,1.379416,0.969547,-0.050297
82.274972,0.588448,1.280697,-0.023441
82.375003,-1.381082,1.071247,-0.091619
82.474985,-0.134357,1.061636,-0.071576
82.574903,2.974492,1.364410,-0.058005
82.674923,0.999370,1.275881,0.047200
82.775126,1.485365,1.243191,0.048225
82.874967,1.738312,0.980468,0.088729
82.974909,0.075876,1.059343,0.068333
83.074950,2.145956,1.160137,0.236387
83.174907,-2.762089,1.044803,0.030382
83.275132,-0.461733,1.346313,0.145326
83.374917,1.385837,0.934279,-0.060586
83.474996,3.985031,1.545876,-0.076666
83.574987,1.719176,1.092089,-0.038713
83.674913,0.050777,1.192918,-0.191967
83.774967,-1.379456,1.199232,-0.049312
83.874918,-2.513014,1.490726,0.081321
83.974915,-0.559520,1.146207,0.079037
84.074984,1.141226,1.270010,0.096818
84.175246,-1.224473,1.135738,-0.108515
84.274909,5.898189,1.036918,0.124468
84.374972,-2.644916,0.931785,0.048187
84.474922,1.097768,1.311453,-0.025496
84.574900,0.655759,1.176909,0.008589
84.675486,-0.459599,0.758140,-0.085141
84.774967,5.970518,1.247042,0.036748
84.875230,1.843603,1.139294,0.048269
84.975252,1.213701,1.286019,0.205654
85.075105,0.947264,0.975822,-0.092638
85.175115,-1.837373,1.313103,-0.041737
85.275540,1.951633,1.152982,0.091845
85.375393,0.109868,0.962857,-0.070958
85.475959,-0.434034,0.960299,-0.030848
85.575503,0.865920,1.687343,-0.137762
85.676181,2.042767,1.089045,0.208844
85.776500,-3.759849,0.884803,0.187097
85.876001,-1.736585,1.279923,0.053463
85.975041,0.006751,0.674850,0.032782
86.075338,-2.027792,1.386854,0.008569
86.175026,0.510768,1.036915,-0.089535
86.275034,-1.991631,1.120380,0.065114
86.375047,-0.469241,1.373690,0.003824
86.475009,-0.599353,0.912282,-0.005020
86.575312,-2.223934,1.726159,0.146418
86.675026,0.561273,1.401372,0.175862
86.775064,0.778318,1.276421,-0.005312
86.875046,2.192938,1.446714,-0.062568
86.975057,-0.405961,0.938151,-0.080004
87.075007,2.474876,1.189295,-0.045730
87.174950,0.116045,1.193435,0.084843
87.275072,-1.213401,0.752622,0.021128
87.374964,-0.983805,1.444016,-0.187655
87.475004,-1.270725,1.327942,-0.118967
87.574969,-0.369051,1.079131,-0.060474
87.674990,1.794132,0.762887,0.127488
87.774988,-2.275371,1.334304,-0.020149
87.875036,1.197589,1.256696,0.066834
87.975019,0.163991,1.111165,0.045728
88.074977,1.409013,1.549164,0.078906
88.175001,2.820918,1.274765,0.040976
88.274952,2.806740,1.067782,0.069790
88.374967,-0.958986,1.151391,0.029658
88.475034,0.394585,1.294637,0.031131
88.575032,2.143086,1.579991,0.019064
88.675042,-2.065048,1.446262,0.039793
88.775048,-0.436092,1.601861,-0.084763
88.875014,-2.179266,1.109582,-0.078476
88.975055,-2.811134,1.155898,0.001562
89.075039,-1.815512,1.420455,0.151928
89.175059,2.061161,1.372158,-0.065783
89.275032,-2.183868,1.440905,0.089025
89.375027,1.106502,1.304368,-0.117559
89.475029,1.194456,1.090986,-0.094835
89.575034,-2.734276,1.362641,0.084817
89.675013,1.104600,1.023495,0.062563
89.775023,1.164053,1.130646,0.026044
89.875120,-2.017109,1.162232,-0.196263
89.974944,-3.129606,3.349930,0.009534
90.075012,1.358286,3.227310,-0.030205
90.174966,1.463741,3.214110,0.033506
90.274950,0.938535,3.343231,-0.153557
90.374937,1.224938,3.431358,-0.101668
90.474967,-0.078615,3.231184,-0.013450
90.575058,2.862734,3.346772,0.108177
90.674988,1.244140,3.017556,0.132893
90.775301,2.181961,3.357362,0.201227
90.874986,0.498617,3.484742,0.104509
90.975047,0.047806,3.308978,-0.035141
91.075196,-1.636857,1.648683,0.153237
91.175059,-2.798612,1.435973,0.036765
91.275037,1.251016,0.899995,0.088523
91.375035,0.247095,1.201529,0.195416
91.475155,-2.117815,1.218851,0.148166
91.574963,0.007391,1.712517,0.101146
91.675001,-1.484968,1.588295,-0.048531
91.775014,,,
91.875139,,,
91.975050,,,
92.075062,,,
92.175357,,,
92.274986,,,
92.375008,,,
92.474998,,,
92.575045,,,
92.675199,,,
92.775013,,,
92.875057,3.370029,0.938175,0.056288
92.974978,3.974122,0.516037,-0.053097
93.075025,0.684676,0.974972,0.155416
93.175032,0.829731,1.212795,0.046329
93.275177,1.116279,0.710703,-0.252956
93.375036,0.482644,0.642679,-0.115101
93.475005,-0.408942,0.779265,0.175548
93.575044,-0.931611,1.016604,-0.015084
93.675012,-0.903319,0.987210,0.019502
93.775028,-2.261231,0.850344,0.062271
93.875174,-1.608632,1.127906,0.089536
93.975129,0.506330,0.875684,0.082034
94.075033,0.909482,0.995277,-0.051643
94.175052,-0.411719,0.966707,-0.074658
94.275057,-3.097237,0.970645,-0.049115
94.375016,-0.512360,1.073025,-0.024150
94.476384,0.958883,1.117647,0.087452
94.575026,-2.406402,1.046047,-0.104204
94.675146,-0.703843,1.104559,-0.077000
94.775133,-0.912242,0.942777,0.018143
94.875035,-1.114846,1.321006,-0.041300
94.975015,-0.062878,1.016660,-0.084843
95.075014,-3.571733,1.316626,-0.035963
95.175068,0.367669,1.262221,0.269303
95.275010,-2.008109,1.271960,-0.009546
95.375030,-0.161199,0.846751,-0.083306
95.475245,-1.099081,1.385078,-0.011677
95.574967,3.477703,1.084888,-0.032124
95.674971,1.628304,1.578511,0.048207
95.774992,0.787595,1.363747,-0.192767
95.875018,1.690316,1.234223,-0.004890
95.975226,-0.104809,0.930962,0.170411
96.075052,-0.124008,1.461378,0.095145
96.175031,-3.407743,1.138699,-0.092447
96.275054,-0.547986,1.514578,-0.024338
96.375010,3.808273,1.142032,0.162596
96.475011,-0.318090,1.645756,0.029562
96.576316,2.953869,0.898671,-0.116778
96.675041,-2.194605,1.245355,-0.058887
96.775003,-1.215751,1.034548,-0.053912
96.875112,1.666668,1.092346,-0.110486
96.975008,2.435918,1.246108,-0.051320
97.075008,-0.461049,1.182416,0.117973
97.175300,-1.062429,1.364822,0.048388
97.275285,1.362719,1.105542,0.040861
97.375133,-1.677172,1.264438,-0.088668
97.475152,2.457961,1.432963,-0.063731
97.575154,-4.174054,1.417677,-0.058462
97.675040,-1.819367,1.319788,-0.093651
97.774972,0.584385,1.192444,-0.018733
97.875023,-4.241400,0.878354,-0.060687
97.975023,-5.495010,1.351537,-0.049973
98.074968,2.776676,1.096750,-0.038502
98.174968,0.282514,1.278598,-0.213057
98.275007,0.430793,1.355641,0.050827
98.375043,-4.168226,1.987248,0.172470
98.475048,0.574658,0.748510,-0.004551
98.575020,-1.139666,0.721153,0.032951
98.675020,1.501158,0.502565,-0.041619
98.775135,-0.900026,0.579986,0.125715
98.875023,0.716907,1.094933,-0.073096
98.975088,1.371015,1.353584,0.184861
99.075138,1.337310,1.166887,0.009807
99.175112,-1.437665,1.461174,0.074501
99.275134,-0.128376,1.163061,0.009175
99.375015,-0.232458,1.252448,0.021471
99.475182,1.970899,1.517624,0.086915
99.574918,-1.778482,1.110892,0.095530
99.675014,2.945341,1.379209,-0.060398
99.774916,-3.278968,1.156090,-0.039247
99.875025,-0.932991,1.403314,0.064048
99.974951,0.648114,1.165899,-0.114769
100.074948,-5.982272,1.221042,-0.018690
100.175044,2.411989,0.877905,0.077741
100.274974,3.042012,1.303334,-0.094892
100.374965,1.864383,1.553473,-0.023656
100.474944,-2.212587,1.491124,-0.082451
100.574921,-1.057955,1.142282,-0.105656
100.674961,-0.517709,1.562617,0.035250
100.774983,-3.641207,1.149930,0.027006
100.874988,-0.137268,0.881549,-0.136832
100.974977,1.822725,1.661455,0.010575
101.074976,-1.692632,1.456741,0.054348
101.175022,0.528040,1.243962,0.127235
101.275014,0.577447,1.350498,-0.165489
101.375008,-0.245418,1.011991,0.009337
101.475005,4.823353,0.977959,0.151639
101.575207,0.144074,1.324424,-0.021221
101.674999,0.154961,1.013616,0.025775
101.775179,0.668353,0.955648,-0.015526
101.875134,-1.720770,0.822438,-0.041361
101.975020,1.113106,1.581538,-0.133548
102.075002,-3.094608,1.301207,0.108269
102.175013,-0.187272,1.153775,0.132580
102.275030,-2.794236,0.990567,-0.058360
102.375008,-3.038692,1.437676,-0.283216
102.475181,1.103482,1.139768,0.120026
102.574974,-0.822853,1.111368,0.115390
102.675005,-0.777042,0.830052,0.019042
102.775116,-1.019613,1.293844,0.003444
102.874975,-1.316497,0.706335,0.045351
102.974957,0.117968,1.007541,0.044687
103.074991,0.340928,1.135490,-0.096273
103.174963,1.220432,1.162678,0.015697
103.274909,0.448433,1.086694,0.071461
103.374932,2.318148,0.794012,-0.033625
103.474989,2.394494,1.289098,-0.137167
103.574980,-0.577097,1.064112,-0.078375
103.674941,-1.713544,1.552987,-0.055555
103.774921,-2.404299,1.246878,-0.039568
103.874922,-0.665721,1.269491,-0.009339
103.975147,-3.028941,1.100134,0.032159
104.074901,0.036803,1.558987,0.022526
104.174905,-2.538661,1.344545,0.170251
104.274907,3.263714,1.246466,-0.073303
104.374919,1.550311,1.569612,0.055304
104.474900,-0.497057,1.252805,0.120053
104.574945,-3.934139,1.232072,-0.111719
104.674919,0.619998,1.164831,-0.005659
104.775162,-3.902204,1.445794,0.014359
104.874899,1.519425,0.838404,-0.009446
104.974897,-1.727766,1.285922,0.127946
105.074981,1.167089,1.410345,-0.012952
105.174896,-1.413785,1.317971,0.085556
105.274905,2.141221,1.531896,-0.072960
105.374923,-2.586283,1.274283,0.057239
105.474905,-3.739633,1.292121,-0.116178
105.575168,-0.601719,1.145372,-0.120948
105.675024,0.502947,1.279796,-0.019427
105.775331,2.097414,1.050842,0.165541
105.879864,-1.224334,1.105288,0.049121
105.975337,-0.278794,1.130394,0.073965
106.075149,2.636605,0.852129,0.007268
106.175653,-0.178468,1.151701,-0.003757
106.275810,2.989876,0.887760,0.004133
106.375997,1.903100,1.296600,-0.102116
106.475232,-0.535282,1.296694,0.084677
106.576080,-0.198189,0.776555,-0.060282
106.676142,0.940088,1.288453,-0.070763
106.774895,-0.221331,1.059565,-0.089664
106.875084,-0.738414,0.608397,-0.290699
106.975160,-2.077088,0.365036,-0.163128
107.075292,0.218817,0.192515,0.132864
107.175454,-1.213007,0.502637,0.045590
107.275051,-1.389201,0.348182,-0.115436
107.375078,-0.779847,0.150000,0.015805
107.475040,-0.831934,0.420675,-0.094575
107.575018,-2.634264,0.561649,0.077603
107.675034,-1.504870,0.239557,-0.146679
107.775011,1.950625,0.339720,0.051563
107.875019,1.044285,0.635684,-0.110367
107.974950,-1.560398,1.135842,0.133057
108.075026,1.787395,0.962642,0.089295
108.174950,-0.819373,1.567924,0.071232
108.275023,-1.235283,1.658330,-0.153504
108.375020,1.425424,0.825998,-0.188315
108.475233,0.874626,1.127536,0.018518
108.575053,0.444580,1.287089,0.127887
108.675050,-1.353990,1.011537,-0.077266
108.774963,1.800797,1.368038,0.045123
108.874941,-2.356082,1.438699,0.166722
108.974956,1.471244,1.506648,0.178180
109.074956,-1.048896,0.870675,-0.073530
109.174981,-2.100281,1.346296,0.075750
109.274964,1.390406,1.476107,0.028375
109.375008,-1.693702,1.004425,0.124962
109.474888,-0.078039,1.357870,-0.041791
109.575047,-2.141705,0.796838,0.191142
109.675025,0.378960,0.945909,0.100744
109.774956,0.369421,0.951015,0.093792
109.875003,5.736806,1.204500,-0.166860
109.975994,-0.345603,1.413746,0.077192
110.075038,-1.466312,1.290261,0.022900
110.175057,1.206495,0.830420,0.029816
110.274990,2.116237,1.329732,0.036762
110.375041,-1.762137,1.231618,-0.071222
110.474965,2.872671,1.439347,-0.023811
110.574961,-1.809229,1.211201,0.117276
110.674973,3.882435,1.335083,-0.087832
110.774984,0.462892,1.126398,0.064649
110.874911,-1.745922,1.158866,0.088141
110.975003,-1.832548,1.346227,0.135544
111.074972,0.268593,1.436040,0.007960
111.174999,-1.723406,1.312812,0.003003
111.274959,1.752911,0.771523,-0.156149
111.374899,-0.660240,1.502684,-0.021167
111.475023,-0.576078,1.076453,0.141853
111.575027,2.553931,0.704438,0.033802
111.675153,-2.150625,0.960596,0.167639
111.775039,-2.306701,1.012899,0.113731
111.874954,-1.875851,1.269711,0.021662
111.974962,2.201643,0.996849,0.106137
112.074976,0.723322,1.308401,0.176119
112.175056,-2.363748,1.201937,0.044947
112.275156,-2.029519,1.619209,-0.036146
112.375004,-0.107810,1.285289,-0.098230
112.475012,4.640081,1.426372,0.019613
112.574987,-3.097921,1.021186,0.025798
112.675070,0.950335,1.422775,-0.000240
112.775019,-2.184327,1.084146,0.083475
112.875058,-3.091460,1.384754,0.158984
112.975101,2.799189,1.316814,-0.134213
113.075002,-0.297939,0.518835,0.050278
113.175022,1.412158,1.151272,-0.024268
113.275019,2.460001,0.586726,-0.096471
113.374982,-0.568769,1.117694,0.159058
113.475076,-0.273991,0.927786,-0.051940
113.575019,0.856633,0.723818,0.007716
113.675100,-0.331263,1.083238,0.007858
113.774983,0.916336,0.776253,-0.097972
113.874956,-3.374689,0.971334,-0.179389
113.975090,-1.418042,0.930910,0.195326
114.075017,0.355500,1.096824,0.040048
114.175020,-0.154887,1.228213,-0.119529
114.274980,3.614393,1.492186,-0.168266
114.374983,-0.559621,0.997194,-0.096454
114.474982,-1.456544,1.303193,0.216506
114.575007,0.425148,1.440110,0.102699
114.674966,-1.127895,1.423180,-0.081622
114.774988,1.723272,1.217629,0.013906
114.876705,-1.605649,0.702601,-0.007397
114.975167,3.945084,1.002867,-0.138599
115.074776,2.978226,1.119118,0.227145
115.174887,0.982859,0.937121,0.056976
115.275105,-0.197690,1.057096,0.043598
115.375021,1.364139,0.511551,0.012618
115.475027,4.093724,0.973505,-0.067493
115.574991,3.983107,1.121385,-0.083206
115.674987,-0.294051,1.091977,0.084073
115.775047,-2.585251,1.243561,-0.053217
115.875020,-0.154442,1.080529,0.042584
115.975052,-3.552024,1.285641,0.106394
116.074936,2.769064,1.252514,0.044420
116.175056,0.933091,1.426265,0.134623
116.275135,-0.195830,1.306450,0.227243
116.375144,1.147489,1.379807,-0.127630
116.475018,0.585431,0.976338,0.014552
116.575008,0.281965,1.111175,0.158863
116.675019,-2.282017,1.373080,-0.011151
116.775100,-0.775400,1.073007,-0.041362
116.875055,-2.510271,1.138471,-0.012765
116.975145,-5.858897,1.121878,0.205297
117.075148,-0.752601,1.451754,0.001882
117.175034,3.391446,0.999669,0.189729
117.275012,2.047061,1.265339,0.017529
117.374970,-0.823647,0.966655,0.013193
117.475107,-0.437307,1.143090,-0.009140
117.575030,0.104517,1.191824,-0.106061
117.675021,-2.569169,1.064597,0.097782
117.775245,2.307181,0.786871,0.138635
117.875027,-5.206274,1.147564,-0.036131
117.974906,-2.021196,1.195163,-0.051522
118.075079,1.329854,1.508039,-0.092456
118.175067,-0.654035,0.882480,-0.021346
118.275031,-1.070633,1.301240,0.051150
118.375019,1.631002,1.589031,-0.004809
118.475124,-0.713346,1.165370,0.118064
118.575026,0.090445,1.076537,0.005120
118.674865,-2.744931,1.101643,0.032297
118.775019,1.000481,1.189799,-0.053360
118.875039,-1.753548,1.446164,0.171204
118.975010,0.869540,0.852473,0.047543
119.074909,0.848788,1.042889,0.127952
119.174973,1.005490,0.758636,-0.249327
119.274974,3.258333,1.008867,-0.058178
119.375078,-0.395875,0.967224,0.206791
119.475009,-2.102620,0.841664,0.149743
119.575013,-0.206862,1.689540,-0.123905
119.675013,3.188885,1.737169,0.067895
119.775283,-0.098059,1.239520,-0.016036
119.875587,2.902003,1.468170,0.087942
119.975001,2.752993,1.802525,0.031313
120.075032,2.933082,2.237413,-0.111158
